SET SQL_MODE="NO_AUTO_VALUE_ON_ZERO";
SET time_zone = "+00:00";

/*!40101 SET @OLD_CHARACTER_SET_CLIENT=@@CHARACTER_SET_CLIENT */;
/*!40101 SET @OLD_CHARACTER_SET_RESULTS=@@CHARACTER_SET_RESULTS */;
/*!40101 SET @OLD_COLLATION_CONNECTION=@@COLLATION_CONNECTION */;
/*!40101 SET NAMES utf8 */;

CREATE DATABASE `netshop` DEFAULT CHARACTER SET utf8 COLLATE utf8_general_ci;
USE `netshop`;

CREATE TABLE IF NOT EXISTS `admin` (
  `adminId` int(11) NOT NULL AUTO_INCREMENT,
  `adminName` varchar(20) NOT NULL,
  `adminPwd` varchar(20) NOT NULL,
  `adminTel` varchar(20) NOT NULL,
  `email` varchar(50) NOT NULL,
  PRIMARY KEY (`adminId`),
  UNIQUE KEY `adminTel` (`adminTel`)
) ENGINE=InnoDB  DEFAULT CHARSET=utf8 AUTO_INCREMENT=3 ;

INSERT INTO `admin` (`adminId`, `adminName`, `adminPwd`, `adminTel`, `email`) VALUES
(1, 'admin', 'admin', '18888888888', '188@qq.com'),
(2, 'gly', 'gly', '18999999999', '189@qq.com');

CREATE TABLE IF NOT EXISTS `deliveryinfo` (
  `diId` int(11) NOT NULL AUTO_INCREMENT,
  `receiver` varchar(20) NOT NULL,
  `address` varchar(200) NOT NULL,
  `postcode` varchar(10) NOT NULL,
  `phoneNum` varchar(20) NOT NULL,
  `isDefault` tinyint(1) NOT NULL DEFAULT '0',
  `userId` int(11) NOT NULL,
  PRIMARY KEY (`diId`),
  KEY `userId` (`userId`)
) ENGINE=InnoDB  DEFAULT CHARSET=utf8 AUTO_INCREMENT=29 ;

INSERT INTO `deliveryinfo` (`diId`, `receiver`, `address`, `postcode`, `phoneNum`, `isDefault`, `userId`) VALUES
(14, '张青', '学府路1号', '523096', '13728235012', 1, 1),
(15, '张小过', '学府路1号', '523096', '13728235012', 0, 1),
(16, '李小露', '西湖路9号', '523096', '13948483234', 0, 2),
(17, '李肖', '西湖路9号', '523096', '13948483454', 0, 2),
(18, '王大年', '杭城路8号', '523096', '13892348485', 1, 3),
(19, '王彻', '杭城路8号', '523096', '13892346385', 0, 3),
(20, '陈寿', '绿色路9号', '523096', '13512833545', 1, 4),
(21, '陈二川', '绿色路9号', '523096', '13512823845', 0, 4),
(22, '郑子青', '湖景大道4号', '523096', '13384783835', 1, 5),
(23, '郑纪', '山湖路5号', '523096', '13383293343', 1, 6),
(24, '李轩', '山湖路5号', '523096', '13383293843', 0, 6),
(25, '赵之木', '水濂路7号', '523096', '13738765383', 0, 1),
(26, '赵恩情', '水濂路7号', '523096', '13738348383', 0, 2),
(27, '李四', '学府路99号', '523008', '15818181818', 0, 2),
(28, '李四老婆', '也是学府路1号', '523008', '15818181818', 1, 2);

CREATE TABLE IF NOT EXISTS `goods` (
  `goodsId` int(11) NOT NULL AUTO_INCREMENT,
  `goodsName` varchar(50) NOT NULL,
  `goodsTitle` varchar(200) NOT NULL,
  `goodsImg` varchar(200) NOT NULL,
  `goodsPrice` decimal(8,2) NOT NULL,
  `goodsDescr` text,
  `brand` varchar(50) NOT NULL,
  `quantity` int(11) NOT NULL,
  `weight` decimal(8,1) NOT NULL,
  `typeId` int(11) NOT NULL,
  PRIMARY KEY (`goodsId`),
  KEY `typeId` (`typeId`)
) ENGINE=InnoDB  DEFAULT CHARSET=utf8 AUTO_INCREMENT=22 ;

INSERT INTO `goods` (`goodsId`, `goodsName`, `goodsTitle`, `goodsImg`, `goodsPrice`, `goodsDescr`, `brand`, `quantity`, `weight`, `typeId`) VALUES
(1, '55A950C', 'TCL 55A950C 55英寸32核人工智能 HDR曲面超薄4K电视金属机身（枪色）', 'pics/55A950C.jpg', 4199.00, '主体参数\n产品品牌\nTCL\n产品型号\n55A950C\n产品颜色\n枪色\n产品类型\n4K超清电视\n最佳观看距离(米)\n3m-3.5m\n上市日期\n2017年4月\n能效等级\n三级能效\n显示参数\n屏幕尺寸\n55英寸\n屏幕分辨率\n超高清4K（3840x2160）\nHDR显示\n支持\n屏幕比例\n16:9\n屏幕类别\n软屏\n背光源\nLED\n背光方式\n直下式\n3D显示\n不支持\n刷屏率\n60HZ\n扫描方式\n逐行扫描\n响应时间\n6.5ms\n支持格式（高清）\n2160p\n水平视角（度）\n±178°\n垂直视角（度）\n±178°\n核心参数\n智能电视\n是\n操作系统\nAndriod\nCPU\nCortex-A53 1.6GHz 四核（64 位）\nGPU\nMali-T720 600MHz 四核\n内部存储空间\n8GB\n音频参数\n扬声器数量\n2个\n输出功率\n16W（8W*2）\n耳机端口\n不支持\n外观设计\n边框材质\n铝\n曲面\n是\n机身厚薄\n10.7mm（最薄处）\n底座配置\n内置底座\n安装孔距\n200mm×200mm\n端口参数\nUSB2.0接口\n2\nHDMI2.0接口\n3\n模拟RF接口\n支持\nUSB支持格式\nUSB支持视频格式\nVC1/H.264/H.265/MPEG4/WMV/AVS+/HDR10\nUSB支持音频格式\nWMA/AC3/EAC3/AAC/ DTS/Dolby Digital Plus\nUSB支持图片格式\nJPEG/BMP/PNG\n功耗参数\n电源功率（w）\n120W\n待机功率（w）\n<0.5W\n工作电压（v）\n220v\n规格参数\n含底座尺寸（宽*高*厚）mm\n1231*779*239\n单屏尺寸（宽*高*厚）mm\n1231*745*111\n外包装尺寸（宽*高*厚）mm\n1400*875* 210\n含底座重量（kg）\n14.2\n单屏重量（kg）\n14\n含外包装重量（kg）\n19\n网络参数\n网络连接\n支持\n连接方式\n无线/网线\n内容服务\n应用商店\n支持\n交互设备\n触摸遥控\n不支持\n空鼠遥控\n不支持\n体感遥控\n不支持\n语音控制\n支持\n语音输入\n支持\n手势控制\n不支持\n3D眼镜\n无\n游戏手柄\n不支持\n无线键鼠\n选配\n互联互通\n多屏互动\n支持\nWIFI\n支持\nWIDI\n不支持\n蓝牙\n支持\n包装清单\n电视机×1 、 底座×1、遥控器×1 、 说明书×1 、电源线×1', 'TCL', 9999, 19.0, 14),
(2, 'U55Q81J', '海尔模卡 （MOOKA）U55Q81J 55英寸 4K曲面安卓智能UHD高清LED液晶电视（银色/金色/黑色）随机发货', 'pics/U55Q81J.jpg', 2999.00, '主体参数\r\n产品品牌\r\n海尔（Haier）\r\n产品型号\r\nU55Q81J\r\n产品类型\r\n4K超清电视\r\n最佳观看距离(米)\r\n3m-3.5m\r\n上市日期\r\n2016.9\r\n能效等级\r\n三级能效\r\n显示参数\r\n屏幕尺寸\r\n55英寸\r\n屏幕分辨率\r\n超高清4K（3840x2160）\r\nHDR显示\r\n不支持\r\n屏幕类别\r\n软屏\r\n屏幕等级\r\nA+\r\n背光源\r\nLED\r\n背光方式\r\n直下式\r\n3D显示\r\n不支持\r\n刷屏率\r\n60HZ\r\n扫描方式\r\n逐行扫描\r\n响应时间\r\n8ms\r\n支持格式（高清）\r\n2160p\r\n水平视角（度）\r\n176\r\n垂直视角（度）\r\n176\r\n核心参数\r\n智能电视\r\n是\r\n操作系统\r\nAndroid4.4\r\nCPU\r\nARM Cortex A53*4核\r\nGPU\r\nMali- 450mp 5核\r\n内部存储空间\r\n4G\r\n音频参数\r\n音频系统\r\n立体声\r\n多声道功能\r\n立体声\r\n扬声器数量\r\n2个\r\n输出功率\r\n2*8W\r\n耳机端口\r\n不支持\r\n外观设计\r\n边框材质\r\n因批次不同分为铝合金或者塑料两种材质\r\n边框宽窄\r\n上边框宽度：9.6/11.3\r\n曲面\r\n是\r\n机身厚薄\r\n最薄处厚度： 10.8mm\r\n底座材料\r\n因批次不同分为铝合金或者塑料两种材质\r\n底座配置\r\n内置底座\r\n底座旋转\r\n不支持\r\n安装孔距\r\n壁挂200×200\r\n端口参数\r\nUSB2.0接口\r\n2\r\nHDMI2.0接口\r\n3\r\n数字RF接口\r\n支持\r\n模拟RF接口\r\n支持\r\nSD卡槽\r\n支持\r\nUSB支持格式\r\nUSB支持视频格式\r\nMPEG1，MPEG2，MPEG4，M-JPEG，RealVideo，RMVB，H.264,H.265 HEVC\r\nUSB支持音频格式\r\nMP3等\r\nUSB支持图片格式\r\nBMP，JPG等\r\n功耗参数\r\n电源功率（w）\r\n150W或者170W\r\n待机功率（w）\r\n小于0.5\r\n工作电压（v）\r\n220v\r\n规格参数\r\n含底座尺寸（宽*高*厚）mm\r\n1235×764×244\r\n单屏尺寸（宽*高*厚）mm\r\n1235×715×108\r\n外包装尺寸（宽*高*厚）mm\r\n1390×860×190\r\n含底座重量（kg）\r\n13.3\r\n单屏重量（kg）\r\n13.1\r\n含外包装重量（kg）\r\n18.2\r\n网络参数\r\n网络连接\r\n支持\r\n连接方式\r\n无线/网线\r\n支持网卡型号\r\n内置WIFI\r\n内容服务\r\n视频牌照商\r\n华数（优酷）\r\n应用商店\r\n支持\r\n交互设备\r\n空鼠遥控\r\n不支持\r\n体感遥控\r\n不支持\r\n语音控制\r\n支持\r\n语音输入\r\n支持\r\n手势控制\r\n不支持\r\n3D眼镜\r\n无\r\n游戏手柄\r\n选配\r\n无线键鼠\r\n选配\r\n摄像头\r\n选配\r\n互联互通\r\n多屏互动\r\n支持\r\nWIFI\r\n支持\r\nWIDI\r\n不支持\r\nDLNA\r\n支持\r\n蓝牙\r\n支持\r\n云空间\r\n不支持\r\n包装清单\r\n主机×1、说明书×1、遥控器×1、底座×2、螺丝×4*26PWM、天线隔离× 1', '海尔', 999, 19.0, 14),
(3, 'L65M4-AQ', '小米（MI）小米电视3S 65英寸 分体曲面 4K超高清超薄金属机身64位智能网络液晶平板电视（含小米电视主机） L65M4-AQ', 'pics/L65M4-AQ.jpg', 2999.00, '主体参数\r\n产品品牌\r\n海尔（Haier）\r\n产品型号\r\nU55Q81J\r\n产品类型\r\n4K超清电视\r\n最佳观看距离(米)\r\n3m-3.5m\r\n上市日期\r\n2016.9\r\n能效等级\r\n三级能效\r\n显示参数\r\n屏幕尺寸\r\n55英寸\r\n屏幕分辨率\r\n超高清4K（3840x2160）\r\nHDR显示\r\n不支持\r\n屏幕类别\r\n软屏\r\n屏幕等级\r\nA+\r\n背光源\r\nLED\r\n背光方式\r\n直下式\r\n3D显示\r\n不支持\r\n刷屏率\r\n60HZ\r\n扫描方式\r\n逐行扫描\r\n响应时间\r\n8ms\r\n支持格式（高清）\r\n2160p\r\n水平视角（度）\r\n176\r\n垂直视角（度）\r\n176\r\n核心参数\r\n智能电视\r\n是\r\n操作系统\r\nAndroid4.4\r\nCPU\r\nARM Cortex A53*4核\r\nGPU\r\nMali- 450mp 5核\r\n内部存储空间\r\n4G\r\n音频参数\r\n音频系统\r\n立体声\r\n多声道功能\r\n立体声\r\n扬声器数量\r\n2个\r\n输出功率\r\n2*8W\r\n耳机端口\r\n不支持\r\n外观设计\r\n边框材质\r\n因批次不同分为铝合金或者塑料两种材质\r\n边框宽窄\r\n上边框宽度：9.6/11.3\r\n曲面\r\n是\r\n机身厚薄\r\n最薄处厚度： 10.8mm\r\n底座材料\r\n因批次不同分为铝合金或者塑料两种材质\r\n底座配置\r\n内置底座\r\n底座旋转\r\n不支持\r\n安装孔距\r\n壁挂200×200\r\n端口参数\r\nUSB2.0接口\r\n2\r\nHDMI2.0接口\r\n3\r\n数字RF接口\r\n支持\r\n模拟RF接口\r\n支持\r\nSD卡槽\r\n支持\r\nUSB支持格式\r\nUSB支持视频格式\r\nMPEG1，MPEG2，MPEG4，M-JPEG，RealVideo，RMVB，H.264,H.265 HEVC\r\nUSB支持音频格式\r\nMP3等\r\nUSB支持图片格式\r\nBMP，JPG等\r\n功耗参数\r\n电源功率（w）\r\n150W或者170W\r\n待机功率（w）\r\n小于0.5\r\n工作电压（v）\r\n220v\r\n规格参数\r\n含底座尺寸（宽*高*厚）mm\r\n1235×764×244\r\n单屏尺寸（宽*高*厚）mm\r\n1235×715×108\r\n外包装尺寸（宽*高*厚）mm\r\n1390×860×190\r\n含底座重量（kg）\r\n13.3\r\n单屏重量（kg）\r\n13.1\r\n含外包装重量（kg）\r\n18.2\r\n网络参数\r\n网络连接\r\n支持\r\n连接方式\r\n无线/网线\r\n支持网卡型号\r\n内置WIFI\r\n内容服务\r\n视频牌照商\r\n华数（优酷）\r\n应用商店\r\n支持\r\n交互设备\r\n空鼠遥控\r\n不支持\r\n体感遥控\r\n不支持\r\n语音控制\r\n支持\r\n语音输入\r\n支持\r\n手势控制\r\n不支持\r\n3D眼镜\r\n无\r\n游戏手柄\r\n选配\r\n无线键鼠\r\n选配\r\n摄像头\r\n选配\r\n互联互通\r\n多屏互动\r\n支持\r\nWIFI\r\n支持\r\nWIDI\r\n不支持\r\nDLNA\r\n支持\r\n蓝牙\r\n支持\r\n云空间\r\n不支持\r\n包装清单\r\n主机×1、说明书×1、遥控器×1、底座×2、螺丝×4*26PWM、天线隔离× 1', '海尔', 999, 19.0, 14),
(4, 'LED65EC880UCQ', '海信（Hisense） LED65EC880UCQ 4K曲面 ULED电视 人工智慧语音', 'pics/LED65EC880UCQ.jpg', 9999.00, '主体参数\r\n产品品牌\r\n海尔（Haier）\r\n产品型号\r\nU55Q81J\r\n产品类型\r\n4K超清电视\r\n最佳观看距离(米)\r\n3m-3.5m\r\n上市日期\r\n2016.9\r\n能效等级\r\n三级能效\r\n显示参数\r\n屏幕尺寸\r\n55英寸\r\n屏幕分辨率\r\n超高清4K（3840x2160）\r\nHDR显示\r\n不支持\r\n屏幕类别\r\n软屏\r\n屏幕等级\r\nA+\r\n背光源\r\nLED\r\n背光方式\r\n直下式\r\n3D显示\r\n不支持\r\n刷屏率\r\n60HZ\r\n扫描方式\r\n逐行扫描\r\n响应时间\r\n8ms\r\n支持格式（高清）\r\n2160p\r\n水平视角（度）\r\n176\r\n垂直视角（度）\r\n176\r\n核心参数\r\n智能电视\r\n是\r\n操作系统\r\nAndroid4.4\r\nCPU\r\nARM Cortex A53*4核\r\nGPU\r\nMali- 450mp 5核\r\n内部存储空间\r\n4G\r\n音频参数\r\n音频系统\r\n立体声\r\n多声道功能\r\n立体声\r\n扬声器数量\r\n2个\r\n输出功率\r\n2*8W\r\n耳机端口\r\n不支持\r\n外观设计\r\n边框材质\r\n因批次不同分为铝合金或者塑料两种材质\r\n边框宽窄\r\n上边框宽度：9.6/11.3\r\n曲面\r\n是\r\n机身厚薄\r\n最薄处厚度： 10.8mm\r\n底座材料\r\n因批次不同分为铝合金或者塑料两种材质\r\n底座配置\r\n内置底座\r\n底座旋转\r\n不支持\r\n安装孔距\r\n壁挂200×200\r\n端口参数\r\nUSB2.0接口\r\n2\r\nHDMI2.0接口\r\n3\r\n数字RF接口\r\n支持\r\n模拟RF接口\r\n支持\r\nSD卡槽\r\n支持\r\nUSB支持格式\r\nUSB支持视频格式\r\nMPEG1，MPEG2，MPEG4，M-JPEG，RealVideo，RMVB，H.264,H.265 HEVC\r\nUSB支持音频格式\r\nMP3等\r\nUSB支持图片格式\r\nBMP，JPG等\r\n功耗参数\r\n电源功率（w）\r\n150W或者170W\r\n待机功率（w）\r\n小于0.5\r\n工作电压（v）\r\n220v\r\n规格参数\r\n含底座尺寸（宽*高*厚）mm\r\n1235×764×244\r\n单屏尺寸（宽*高*厚）mm\r\n1235×715×108\r\n外包装尺寸（宽*高*厚）mm\r\n1390×860×190\r\n含底座重量（kg）\r\n13.3\r\n单屏重量（kg）\r\n13.1\r\n含外包装重量（kg）\r\n18.2\r\n网络参数\r\n网络连接\r\n支持\r\n连接方式\r\n无线/网线\r\n支持网卡型号\r\n内置WIFI\r\n内容服务\r\n视频牌照商\r\n华数（优酷）\r\n应用商店\r\n支持\r\n交互设备\r\n空鼠遥控\r\n不支持\r\n体感遥控\r\n不支持\r\n语音控制\r\n支持\r\n语音输入\r\n支持\r\n手势控制\r\n不支持\r\n3D眼镜\r\n无\r\n游戏手柄\r\n选配\r\n无线键鼠\r\n选配\r\n摄像头\r\n选配\r\n互联互通\r\n多屏互动\r\n支持\r\nWIFI\r\n支持\r\nWIDI\r\n不支持\r\nDLNA\r\n支持\r\n蓝牙\r\n支持\r\n云空间\r\n不支持\r\n包装清单\r\n主机×1、说明书×1、遥控器×1、底座×2、螺丝×4*26PWM、天线隔离× 1', '海尔', 999, 19.0, 14),
(5, 'LED65EC780UC', '海尔模卡 （MOOKA）U55Q81J 55英寸 4K曲面安卓智能UHD高清LED液晶电视（银色/金色/黑色）随机发货', 'pics/LED65EC780UC.jpg', 7399.00, '主体参数\r\n产品品牌\r\n海尔（Haier）\r\n产品型号\r\nU55Q81J\r\n产品类型\r\n4K超清电视\r\n最佳观看距离(米)\r\n3m-3.5m\r\n上市日期\r\n2016.9\r\n能效等级\r\n三级能效\r\n显示参数\r\n屏幕尺寸\r\n55英寸\r\n屏幕分辨率\r\n超高清4K（3840x2160）\r\nHDR显示\r\n不支持\r\n屏幕类别\r\n软屏\r\n屏幕等级\r\nA+\r\n背光源\r\nLED\r\n背光方式\r\n直下式\r\n3D显示\r\n不支持\r\n刷屏率\r\n60HZ\r\n扫描方式\r\n逐行扫描\r\n响应时间\r\n8ms\r\n支持格式（高清）\r\n2160p\r\n水平视角（度）\r\n176\r\n垂直视角（度）\r\n176\r\n核心参数\r\n智能电视\r\n是\r\n操作系统\r\nAndroid4.4\r\nCPU\r\nARM Cortex A53*4核\r\nGPU\r\nMali- 450mp 5核\r\n内部存储空间\r\n4G\r\n音频参数\r\n音频系统\r\n立体声\r\n多声道功能\r\n立体声\r\n扬声器数量\r\n2个\r\n输出功率\r\n2*8W\r\n耳机端口\r\n不支持\r\n外观设计\r\n边框材质\r\n因批次不同分为铝合金或者塑料两种材质\r\n边框宽窄\r\n上边框宽度：9.6/11.3\r\n曲面\r\n是\r\n机身厚薄\r\n最薄处厚度： 10.8mm\r\n底座材料\r\n因批次不同分为铝合金或者塑料两种材质\r\n底座配置\r\n内置底座\r\n底座旋转\r\n不支持\r\n安装孔距\r\n壁挂200×200\r\n端口参数\r\nUSB2.0接口\r\n2\r\nHDMI2.0接口\r\n3\r\n数字RF接口\r\n支持\r\n模拟RF接口\r\n支持\r\nSD卡槽\r\n支持\r\nUSB支持格式\r\nUSB支持视频格式\r\nMPEG1，MPEG2，MPEG4，M-JPEG，RealVideo，RMVB，H.264,H.265 HEVC\r\nUSB支持音频格式\r\nMP3等\r\nUSB支持图片格式\r\nBMP，JPG等\r\n功耗参数\r\n电源功率（w）\r\n150W或者170W\r\n待机功率（w）\r\n小于0.5\r\n工作电压（v）\r\n220v\r\n规格参数\r\n含底座尺寸（宽*高*厚）mm\r\n1235×764×244\r\n单屏尺寸（宽*高*厚）mm\r\n1235×715×108\r\n外包装尺寸（宽*高*厚）mm\r\n1390×860×190\r\n含底座重量（kg）\r\n13.3\r\n单屏重量（kg）\r\n13.1\r\n含外包装重量（kg）\r\n18.2\r\n网络参数\r\n网络连接\r\n支持\r\n连接方式\r\n无线/网线\r\n支持网卡型号\r\n内置WIFI\r\n内容服务\r\n视频牌照商\r\n华数（优酷）\r\n应用商店\r\n支持\r\n交互设备\r\n空鼠遥控\r\n不支持\r\n体感遥控\r\n不支持\r\n语音控制\r\n支持\r\n语音输入\r\n支持\r\n手势控制\r\n不支持\r\n3D眼镜\r\n无\r\n游戏手柄\r\n选配\r\n无线键鼠\r\n选配\r\n摄像头\r\n选配\r\n互联互通\r\n多屏互动\r\n支持\r\nWIFI\r\n支持\r\nWIDI\r\n不支持\r\nDLNA\r\n支持\r\n蓝牙\r\n支持\r\n云空间\r\n不支持\r\n包装清单\r\n主机×1、说明书×1、遥控器×1、底座×2、螺丝×4*26PWM、天线隔离× 1', '海尔', 999, 19.0, 14),
(6, 'D55A930C', 'TCL D55A930C 55英寸 HDR超薄4K曲面 64位30核智能液晶电视机（黑色）', 'pics/D55A930C.jpg', 3699.00, '主体参数\r\n产品品牌\r\n海尔（Haier）\r\n产品型号\r\nU55Q81J\r\n产品类型\r\n4K超清电视\r\n最佳观看距离(米)\r\n3m-3.5m\r\n上市日期\r\n2016.9\r\n能效等级\r\n三级能效\r\n显示参数\r\n屏幕尺寸\r\n55英寸\r\n屏幕分辨率\r\n超高清4K（3840x2160）\r\nHDR显示\r\n不支持\r\n屏幕类别\r\n软屏\r\n屏幕等级\r\nA+\r\n背光源\r\nLED\r\n背光方式\r\n直下式\r\n3D显示\r\n不支持\r\n刷屏率\r\n60HZ\r\n扫描方式\r\n逐行扫描\r\n响应时间\r\n8ms\r\n支持格式（高清）\r\n2160p\r\n水平视角（度）\r\n176\r\n垂直视角（度）\r\n176\r\n核心参数\r\n智能电视\r\n是\r\n操作系统\r\nAndroid4.4\r\nCPU\r\nARM Cortex A53*4核\r\nGPU\r\nMali- 450mp 5核\r\n内部存储空间\r\n4G\r\n音频参数\r\n音频系统\r\n立体声\r\n多声道功能\r\n立体声\r\n扬声器数量\r\n2个\r\n输出功率\r\n2*8W\r\n耳机端口\r\n不支持\r\n外观设计\r\n边框材质\r\n因批次不同分为铝合金或者塑料两种材质\r\n边框宽窄\r\n上边框宽度：9.6/11.3\r\n曲面\r\n是\r\n机身厚薄\r\n最薄处厚度： 10.8mm\r\n底座材料\r\n因批次不同分为铝合金或者塑料两种材质\r\n底座配置\r\n内置底座\r\n底座旋转\r\n不支持\r\n安装孔距\r\n壁挂200×200\r\n端口参数\r\nUSB2.0接口\r\n2\r\nHDMI2.0接口\r\n3\r\n数字RF接口\r\n支持\r\n模拟RF接口\r\n支持\r\nSD卡槽\r\n支持\r\nUSB支持格式\r\nUSB支持视频格式\r\nMPEG1，MPEG2，MPEG4，M-JPEG，RealVideo，RMVB，H.264,H.265 HEVC\r\nUSB支持音频格式\r\nMP3等\r\nUSB支持图片格式\r\nBMP，JPG等\r\n功耗参数\r\n电源功率（w）\r\n150W或者170W\r\n待机功率（w）\r\n小于0.5\r\n工作电压（v）\r\n220v\r\n规格参数\r\n含底座尺寸（宽*高*厚）mm\r\n1235×764×244\r\n单屏尺寸（宽*高*厚）mm\r\n1235×715×108\r\n外包装尺寸（宽*高*厚）mm\r\n1390×860×190\r\n含底座重量（kg）\r\n13.3\r\n单屏重量（kg）\r\n13.1\r\n含外包装重量（kg）\r\n18.2\r\n网络参数\r\n网络连接\r\n支持\r\n连接方式\r\n无线/网线\r\n支持网卡型号\r\n内置WIFI\r\n内容服务\r\n视频牌照商\r\n华数（优酷）\r\n应用商店\r\n支持\r\n交互设备\r\n空鼠遥控\r\n不支持\r\n体感遥控\r\n不支持\r\n语音控制\r\n支持\r\n语音输入\r\n支持\r\n手势控制\r\n不支持\r\n3D眼镜\r\n无\r\n游戏手柄\r\n选配\r\n无线键鼠\r\n选配\r\n摄像头\r\n选配\r\n互联互通\r\n多屏互动\r\n支持\r\nWIFI\r\n支持\r\nWIDI\r\n不支持\r\nDLNA\r\n支持\r\n蓝牙\r\n支持\r\n云空间\r\n不支持\r\n包装清单\r\n主机×1、说明书×1、遥控器×1、底座×2、螺丝×4*26PWM、天线隔离× 1', 'TCL', 999, 19.0, 14),
(7, '65A950C', 'TCL 65A950C 65英寸32核人工智能 HDR曲面超薄4K电视金属机身（枪色）', 'pics/65A950C.jpg', 4199.00, '主体参数\r\n产品品牌\r\nTCL\r\n产品型号\r\n55A950C\r\n产品颜色\r\n枪色\r\n产品类型\r\n4K超清电视\r\n最佳观看距离(米)\r\n3m-3.5m\r\n上市日期\r\n2017年4月\r\n能效等级\r\n三级能效\r\n显示参数\r\n屏幕尺寸\r\n55英寸\r\n屏幕分辨率\r\n超高清4K（3840x2160）\r\nHDR显示\r\n支持\r\n屏幕比例\r\n16:9\r\n屏幕类别\r\n软屏\r\n背光源\r\nLED\r\n背光方式\r\n直下式\r\n3D显示\r\n不支持\r\n刷屏率\r\n60HZ\r\n扫描方式\r\n逐行扫描\r\n响应时间\r\n6.5ms\r\n支持格式（高清）\r\n2160p\r\n水平视角（度）\r\n±178°\r\n垂直视角（度）\r\n±178°\r\n核心参数\r\n智能电视\r\n是\r\n操作系统\r\nAndriod\r\nCPU\r\nCortex-A53 1.6GHz 四核（64 位）\r\nGPU\r\nMali-T720 600MHz 四核\r\n内部存储空间\r\n8GB\r\n音频参数\r\n扬声器数量\r\n2个\r\n输出功率\r\n16W（8W*2）\r\n耳机端口\r\n不支持\r\n外观设计\r\n边框材质\r\n铝\r\n曲面\r\n是\r\n机身厚薄\r\n10.7mm（最薄处）\r\n底座配置\r\n内置底座\r\n安装孔距\r\n200mm×200mm\r\n端口参数\r\nUSB2.0接口\r\n2\r\nHDMI2.0接口\r\n3\r\n模拟RF接口\r\n支持\r\nUSB支持格式\r\nUSB支持视频格式\r\nVC1/H.264/H.265/MPEG4/WMV/AVS+/HDR10\r\nUSB支持音频格式\r\nWMA/AC3/EAC3/AAC/ DTS/Dolby Digital Plus\r\nUSB支持图片格式\r\nJPEG/BMP/PNG\r\n功耗参数\r\n电源功率（w）\r\n120W\r\n待机功率（w）\r\n<0.5W\r\n工作电压（v）\r\n220v\r\n规格参数\r\n含底座尺寸（宽*高*厚）mm\r\n1231*779*239\r\n单屏尺寸（宽*高*厚）mm\r\n1231*745*111\r\n外包装尺寸（宽*高*厚）mm\r\n1400*875* 210\r\n含底座重量（kg）\r\n14.2\r\n单屏重量（kg）\r\n14\r\n含外包装重量（kg）\r\n19\r\n网络参数\r\n网络连接\r\n支持\r\n连接方式\r\n无线/网线\r\n内容服务\r\n应用商店\r\n支持\r\n交互设备\r\n触摸遥控\r\n不支持\r\n空鼠遥控\r\n不支持\r\n体感遥控\r\n不支持\r\n语音控制\r\n支持\r\n语音输入\r\n支持\r\n手势控制\r\n不支持\r\n3D眼镜\r\n无\r\n游戏手柄\r\n不支持\r\n无线键鼠\r\n选配\r\n互联互通\r\n多屏互动\r\n支持\r\nWIFI\r\n支持\r\nWIDI\r\n不支持\r\n蓝牙\r\n支持\r\n包装清单\r\n电视机×1 、 底座×1、遥控器×1 、 说明书×1 、电源线×1', 'TCL', 9999, 19.0, 14),
(8, '55D3C', 'TCL 55A950C 55英寸32核人工智能 HDR曲面超薄4K电视金属机身（枪色）', 'pics/55D3C.jpg', 7899.00, '主体参数\r\n产品品牌\r\nTCL\r\n产品型号\r\n55A950C\r\n产品颜色\r\n枪色\r\n产品类型\r\n4K超清电视\r\n最佳观看距离(米)\r\n3m-3.5m\r\n上市日期\r\n2017年4月\r\n能效等级\r\n三级能效\r\n显示参数\r\n屏幕尺寸\r\n55英寸\r\n屏幕分辨率\r\n超高清4K（3840x2160）\r\nHDR显示\r\n支持\r\n屏幕比例\r\n16:9\r\n屏幕类别\r\n软屏\r\n背光源\r\nLED\r\n背光方式\r\n直下式\r\n3D显示\r\n不支持\r\n刷屏率\r\n60HZ\r\n扫描方式\r\n逐行扫描\r\n响应时间\r\n6.5ms\r\n支持格式（高清）\r\n2160p\r\n水平视角（度）\r\n±178°\r\n垂直视角（度）\r\n±178°\r\n核心参数\r\n智能电视\r\n是\r\n操作系统\r\nAndriod\r\nCPU\r\nCortex-A53 1.6GHz 四核（64 位）\r\nGPU\r\nMali-T720 600MHz 四核\r\n内部存储空间\r\n8GB\r\n音频参数\r\n扬声器数量\r\n2个\r\n输出功率\r\n16W（8W*2）\r\n耳机端口\r\n不支持\r\n外观设计\r\n边框材质\r\n铝\r\n曲面\r\n是\r\n机身厚薄\r\n10.7mm（最薄处）\r\n底座配置\r\n内置底座\r\n安装孔距\r\n200mm×200mm\r\n端口参数\r\nUSB2.0接口\r\n2\r\nHDMI2.0接口\r\n3\r\n模拟RF接口\r\n支持\r\nUSB支持格式\r\nUSB支持视频格式\r\nVC1/H.264/H.265/MPEG4/WMV/AVS+/HDR10\r\nUSB支持音频格式\r\nWMA/AC3/EAC3/AAC/ DTS/Dolby Digital Plus\r\nUSB支持图片格式\r\nJPEG/BMP/PNG\r\n功耗参数\r\n电源功率（w）\r\n120W\r\n待机功率（w）\r\n<0.5W\r\n工作电压（v）\r\n220v\r\n规格参数\r\n含底座尺寸（宽*高*厚）mm\r\n1231*779*239\r\n单屏尺寸（宽*高*厚）mm\r\n1231*745*111\r\n外包装尺寸（宽*高*厚）mm\r\n1400*875* 210\r\n含底座重量（kg）\r\n14.2\r\n单屏重量（kg）\r\n14\r\n含外包装重量（kg）\r\n19\r\n网络参数\r\n网络连接\r\n支持\r\n连接方式\r\n无线/网线\r\n内容服务\r\n应用商店\r\n支持\r\n交互设备\r\n触摸遥控\r\n不支持\r\n空鼠遥控\r\n不支持\r\n体感遥控\r\n不支持\r\n语音控制\r\n支持\r\n语音输入\r\n支持\r\n手势控制\r\n不支持\r\n3D眼镜\r\n无\r\n游戏手柄\r\n不支持\r\n无线键鼠\r\n选配\r\n互联互通\r\n多屏互动\r\n支持\r\nWIFI\r\n支持\r\nWIDI\r\n不支持\r\n蓝牙\r\n支持\r\n包装清单\r\n电视机×1 、 底座×1、遥控器×1 、 说明书×1 、电源线×1', 'TCL', 9999, 19.0, 14),
(9, '55U668EBC', 'TCL 55A950C 55英寸32核人工智能 HDR曲面超薄4K电视金属机身（枪色）', 'pics/55U668EBC.jpg', 4299.00, '主体参数\r\n产品品牌\r\nTCL\r\n产品型号\r\n55A950C\r\n产品颜色\r\n枪色\r\n产品类型\r\n4K超清电视\r\n最佳观看距离(米)\r\n3m-3.5m\r\n上市日期\r\n2017年4月\r\n能效等级\r\n三级能效\r\n显示参数\r\n屏幕尺寸\r\n55英寸\r\n屏幕分辨率\r\n超高清4K（3840x2160）\r\nHDR显示\r\n支持\r\n屏幕比例\r\n16:9\r\n屏幕类别\r\n软屏\r\n背光源\r\nLED\r\n背光方式\r\n直下式\r\n3D显示\r\n不支持\r\n刷屏率\r\n60HZ\r\n扫描方式\r\n逐行扫描\r\n响应时间\r\n6.5ms\r\n支持格式（高清）\r\n2160p\r\n水平视角（度）\r\n±178°\r\n垂直视角（度）\r\n±178°\r\n核心参数\r\n智能电视\r\n是\r\n操作系统\r\nAndriod\r\nCPU\r\nCortex-A53 1.6GHz 四核（64 位）\r\nGPU\r\nMali-T720 600MHz 四核\r\n内部存储空间\r\n8GB\r\n音频参数\r\n扬声器数量\r\n2个\r\n输出功率\r\n16W（8W*2）\r\n耳机端口\r\n不支持\r\n外观设计\r\n边框材质\r\n铝\r\n曲面\r\n是\r\n机身厚薄\r\n10.7mm（最薄处）\r\n底座配置\r\n内置底座\r\n安装孔距\r\n200mm×200mm\r\n端口参数\r\nUSB2.0接口\r\n2\r\nHDMI2.0接口\r\n3\r\n模拟RF接口\r\n支持\r\nUSB支持格式\r\nUSB支持视频格式\r\nVC1/H.264/H.265/MPEG4/WMV/AVS+/HDR10\r\nUSB支持音频格式\r\nWMA/AC3/EAC3/AAC/ DTS/Dolby Digital Plus\r\nUSB支持图片格式\r\nJPEG/BMP/PNG\r\n功耗参数\r\n电源功率（w）\r\n120W\r\n待机功率（w）\r\n<0.5W\r\n工作电压（v）\r\n220v\r\n规格参数\r\n含底座尺寸（宽*高*厚）mm\r\n1231*779*239\r\n单屏尺寸（宽*高*厚）mm\r\n1231*745*111\r\n外包装尺寸（宽*高*厚）mm\r\n1400*875* 210\r\n含底座重量（kg）\r\n14.2\r\n单屏重量（kg）\r\n14\r\n含外包装重量（kg）\r\n19\r\n网络参数\r\n网络连接\r\n支持\r\n连接方式\r\n无线/网线\r\n内容服务\r\n应用商店\r\n支持\r\n交互设备\r\n触摸遥控\r\n不支持\r\n空鼠遥控\r\n不支持\r\n体感遥控\r\n不支持\r\n语音控制\r\n支持\r\n语音输入\r\n支持\r\n手势控制\r\n不支持\r\n3D眼镜\r\n无\r\n游戏手柄\r\n不支持\r\n无线键鼠\r\n选配\r\n互联互通\r\n多屏互动\r\n支持\r\nWIFI\r\n支持\r\nWIDI\r\n不支持\r\n蓝牙\r\n支持\r\n包装清单\r\n电视机×1 、 底座×1、遥控器×1 、 说明书×1 、电源线×1', 'TCL', 9999, 19.0, 14),
(10, 'UA78KU6900JXXZ', '三星（SAMSUNG）UA78KU6900JXXZ 78英寸 曲面 4K 超高清 智能电视 黑色', 'pics/UA78KU6900JXXZ.jpg', 20999.00, '主体参数\r\n产品品牌\r\nTCL\r\n产品型号\r\n55A950C\r\n产品颜色\r\n枪色\r\n产品类型\r\n4K超清电视\r\n最佳观看距离(米)\r\n3m-3.5m\r\n上市日期\r\n2017年4月\r\n能效等级\r\n三级能效\r\n显示参数\r\n屏幕尺寸\r\n55英寸\r\n屏幕分辨率\r\n超高清4K（3840x2160）\r\nHDR显示\r\n支持\r\n屏幕比例\r\n16:9\r\n屏幕类别\r\n软屏\r\n背光源\r\nLED\r\n背光方式\r\n直下式\r\n3D显示\r\n不支持\r\n刷屏率\r\n60HZ\r\n扫描方式\r\n逐行扫描\r\n响应时间\r\n6.5ms\r\n支持格式（高清）\r\n2160p\r\n水平视角（度）\r\n±178°\r\n垂直视角（度）\r\n±178°\r\n核心参数\r\n智能电视\r\n是\r\n操作系统\r\nAndriod\r\nCPU\r\nCortex-A53 1.6GHz 四核（64 位）\r\nGPU\r\nMali-T720 600MHz 四核\r\n内部存储空间\r\n8GB\r\n音频参数\r\n扬声器数量\r\n2个\r\n输出功率\r\n16W（8W*2）\r\n耳机端口\r\n不支持\r\n外观设计\r\n边框材质\r\n铝\r\n曲面\r\n是\r\n机身厚薄\r\n10.7mm（最薄处）\r\n底座配置\r\n内置底座\r\n安装孔距\r\n200mm×200mm\r\n端口参数\r\nUSB2.0接口\r\n2\r\nHDMI2.0接口\r\n3\r\n模拟RF接口\r\n支持\r\nUSB支持格式\r\nUSB支持视频格式\r\nVC1/H.264/H.265/MPEG4/WMV/AVS+/HDR10\r\nUSB支持音频格式\r\nWMA/AC3/EAC3/AAC/ DTS/Dolby Digital Plus\r\nUSB支持图片格式\r\nJPEG/BMP/PNG\r\n功耗参数\r\n电源功率（w）\r\n120W\r\n待机功率（w）\r\n<0.5W\r\n工作电压（v）\r\n220v\r\n规格参数\r\n含底座尺寸（宽*高*厚）mm\r\n1231*779*239\r\n单屏尺寸（宽*高*厚）mm\r\n1231*745*111\r\n外包装尺寸（宽*高*厚）mm\r\n1400*875* 210\r\n含底座重量（kg）\r\n14.2\r\n单屏重量（kg）\r\n14\r\n含外包装重量（kg）\r\n19\r\n网络参数\r\n网络连接\r\n支持\r\n连接方式\r\n无线/网线\r\n内容服务\r\n应用商店\r\n支持\r\n交互设备\r\n触摸遥控\r\n不支持\r\n空鼠遥控\r\n不支持\r\n体感遥控\r\n不支持\r\n语音控制\r\n支持\r\n语音输入\r\n支持\r\n手势控制\r\n不支持\r\n3D眼镜\r\n无\r\n游戏手柄\r\n不支持\r\n无线键鼠\r\n选配\r\n互联互通\r\n多屏互动\r\n支持\r\nWIFI\r\n支持\r\nWIDI\r\n不支持\r\n蓝牙\r\n支持\r\n包装清单\r\n电视机×1 、 底座×1、遥控器×1 、 说明书×1 、电源线×1', 'TCL', 9999, 19.0, 14),
(11, '55PUF6301', '飞利浦（PHILIPS）55PUF6301/T3 55英寸 曲面屏幕 HDR 人工智能语音 4K超高清WIFI智能液晶电视机（黑色）', 'pics/55PUF6301.jpg', 5499.00, '主体参数\r\n产品品牌\r\nTCL\r\n产品型号\r\n55A950C\r\n产品颜色\r\n枪色\r\n产品类型\r\n4K超清电视\r\n最佳观看距离(米)\r\n3m-3.5m\r\n上市日期\r\n2017年4月\r\n能效等级\r\n三级能效\r\n显示参数\r\n屏幕尺寸\r\n55英寸\r\n屏幕分辨率\r\n超高清4K（3840x2160）\r\nHDR显示\r\n支持\r\n屏幕比例\r\n16:9\r\n屏幕类别\r\n软屏\r\n背光源\r\nLED\r\n背光方式\r\n直下式\r\n3D显示\r\n不支持\r\n刷屏率\r\n60HZ\r\n扫描方式\r\n逐行扫描\r\n响应时间\r\n6.5ms\r\n支持格式（高清）\r\n2160p\r\n水平视角（度）\r\n±178°\r\n垂直视角（度）\r\n±178°\r\n核心参数\r\n智能电视\r\n是\r\n操作系统\r\nAndriod\r\nCPU\r\nCortex-A53 1.6GHz 四核（64 位）\r\nGPU\r\nMali-T720 600MHz 四核\r\n内部存储空间\r\n8GB\r\n音频参数\r\n扬声器数量\r\n2个\r\n输出功率\r\n16W（8W*2）\r\n耳机端口\r\n不支持\r\n外观设计\r\n边框材质\r\n铝\r\n曲面\r\n是\r\n机身厚薄\r\n10.7mm（最薄处）\r\n底座配置\r\n内置底座\r\n安装孔距\r\n200mm×200mm\r\n端口参数\r\nUSB2.0接口\r\n2\r\nHDMI2.0接口\r\n3\r\n模拟RF接口\r\n支持\r\nUSB支持格式\r\nUSB支持视频格式\r\nVC1/H.264/H.265/MPEG4/WMV/AVS+/HDR10\r\nUSB支持音频格式\r\nWMA/AC3/EAC3/AAC/ DTS/Dolby Digital Plus\r\nUSB支持图片格式\r\nJPEG/BMP/PNG\r\n功耗参数\r\n电源功率（w）\r\n120W\r\n待机功率（w）\r\n<0.5W\r\n工作电压（v）\r\n220v\r\n规格参数\r\n含底座尺寸（宽*高*厚）mm\r\n1231*779*239\r\n单屏尺寸（宽*高*厚）mm\r\n1231*745*111\r\n外包装尺寸（宽*高*厚）mm\r\n1400*875* 210\r\n含底座重量（kg）\r\n14.2\r\n单屏重量（kg）\r\n14\r\n含外包装重量（kg）\r\n19\r\n网络参数\r\n网络连接\r\n支持\r\n连接方式\r\n无线/网线\r\n内容服务\r\n应用商店\r\n支持\r\n交互设备\r\n触摸遥控\r\n不支持\r\n空鼠遥控\r\n不支持\r\n体感遥控\r\n不支持\r\n语音控制\r\n支持\r\n语音输入\r\n支持\r\n手势控制\r\n不支持\r\n3D眼镜\r\n无\r\n游戏手柄\r\n不支持\r\n无线键鼠\r\n选配\r\n互联互通\r\n多屏互动\r\n支持\r\nWIFI\r\n支持\r\nWIDI\r\n不支持\r\n蓝牙\r\n支持\r\n包装清单\r\n电视机×1 、 底座×1、遥控器×1 、 说明书×1 、电源线×1', 'TCL', 9999, 19.0, 14),
(12, 'KFR-35GW(35592)FNhDa-A3', '格力（GREE）正1.5匹 变频 品圆 冷暖 壁挂式空调 KFR-35GW/(35592)FNhDa-A3', 'pics/KFR-35GW(35592)FNhDa-A3.jpg', 3099.00, '主体\r\n品牌\r\n格力 GREE\r\n系列\r\n品系列\r\n型号\r\nKFR-35GW/(35592)FNhDa-A3\r\n颜色\r\n其它\r\n类别\r\n壁挂式\r\n功能\r\n制冷类型\r\n冷暖\r\n匹数\r\n1.5匹\r\n定频/变频\r\n其它\r\n能效等级\r\n3级\r\n电辅加热\r\n支持\r\n适用面积(平方米)\r\n约16-24㎡\r\n制冷量(W)\r\n3500(450-3800)\r\n制冷功率(W)\r\n1110(160-1450)\r\n制热量(W)\r\n4500(800-5100)\r\n制热功率(W)\r\n1500(190 -1755)\r\n电辅加热功率(W)\r\n1000\r\n内机噪音(dB(A)\r\n（静音档-高档）19-38\r\n外机噪音(dB(A)\r\n≤51\r\n变频机能效比\r\nAPF 3.53 SEER 3.99\r\n循环风量(m3/h)\r\n630\r\n扫风方式\r\n上下扫风\r\n产品特色\r\n自动清洁\r\n不支持\r\n静音设计\r\n支持\r\n独立除湿\r\n支持\r\n规格\r\n制冷剂\r\n其它\r\n电压/频率（V/HZ）\r\n220/50\r\n内机尺寸（宽x高x深）mm\r\n835×290×192\r\n外机尺寸（宽x高x深）mm\r\n776×540×320\r\n内机重量（kg）\r\n10.5\r\n外机重量（kg）\r\n29.5\r\n特性\r\n特性\r\n新冷媒R32\r\n包装清单\r\n室内机×1; 说明书×1; 遥控器 × 1; 保修卡 × 1; 联接管（室外机包装内）×1; 等', '格力（GREE）', 999, 13.5, 22),
(13, 'KFR-32GWWDAD3@', '美的（Midea）小1.5匹 智弧 智能 静音 光感 WIFI定速冷暖壁挂式空调挂机 KFR-32GW/WDAD3@', 'pics/KFR-32GWWDAD3@.jpg', 2499.00, '主体\r\n品牌\r\n美的 Midea\r\n系列\r\n智弧\r\n型号\r\nKFR-32GW/WDAD3@\r\n颜色\r\n白色\r\n类别\r\n壁挂式\r\n功能\r\n制冷类型\r\n冷暖\r\n匹数\r\n小1.5匹\r\n定频/变频\r\n定频\r\n能效等级\r\n3级\r\n适用面积(平方米)\r\n制冷：14-21；制热：16-21\r\n制冷量(W)\r\n3290\r\n制冷功率(W)\r\n1000\r\n制热量(W)\r\n3700\r\n制热功率(W)\r\n1000\r\n电辅加热功率(W)\r\n1050\r\n内机噪音(dB(A)\r\n24-41\r\n外机噪音(dB(A)\r\n50\r\n定频机能效比\r\n3.29\r\n循环风量(m3/h)\r\n630\r\n扫风方式\r\n上下扫风\r\n产品特色\r\n自动清洁\r\n不支持\r\n静音设计\r\n支持\r\n独立除湿\r\n支持\r\n除甲醛\r\n不支持\r\n规格\r\n制冷剂\r\n氟利昂（R22)\r\n电压/频率（V/HZ）\r\n220/50\r\n内机尺寸（宽x高x深）mm\r\n870*275*205\r\n外机尺寸（宽x高x深）mm\r\n300*728*555\r\n内机重量（kg）\r\n9.5\r\n外机重量（kg）\r\n31\r\n包装清单\r\n室内机*1、室外机*1、遥控器*1、7号电池*2、连接管*1、包扎带*1、密封胶泥*2、排水管*1、墙孔挡板*1、安装板*1、自攻螺钉*5、塑料胀管*5、排水接头（单冷型无）*1、排水接头密封圈（单冷型无）*1、使用安装说明书*1', '美的（Midea）', 999, 12.0, 22),
(14, 'KFR-35GW(35592)NhDa-3', '格力（GREE）正1.5匹 定速 品圆 冷暖 壁挂式空调 KFR-35GW/(35592)NhDa-3', 'pics/KFR-35GW(35592)NhDa-3.jpg', 2699.00, '主体\r\n品牌\r\n美的 Midea\r\n系列\r\n智弧\r\n型号\r\nKFR-32GW/WDAD3@\r\n颜色\r\n白色\r\n类别\r\n壁挂式\r\n功能\r\n制冷类型\r\n冷暖\r\n匹数\r\n小1.5匹\r\n定频/变频\r\n定频\r\n能效等级\r\n3级\r\n适用面积(平方米)\r\n制冷：14-21；制热：16-21\r\n制冷量(W)\r\n3290\r\n制冷功率(W)\r\n1000\r\n制热量(W)\r\n3700\r\n制热功率(W)\r\n1000\r\n电辅加热功率(W)\r\n1050\r\n内机噪音(dB(A)\r\n24-41\r\n外机噪音(dB(A)\r\n50\r\n定频机能效比\r\n3.29\r\n循环风量(m3/h)\r\n630\r\n扫风方式\r\n上下扫风\r\n产品特色\r\n自动清洁\r\n不支持\r\n静音设计\r\n支持\r\n独立除湿\r\n支持\r\n除甲醛\r\n不支持\r\n规格\r\n制冷剂\r\n氟利昂（R22)\r\n电压/频率（V/HZ）\r\n220/50\r\n内机尺寸（宽x高x深）mm\r\n870*275*205\r\n外机尺寸（宽x高x深）mm\r\n300*728*555\r\n内机重量（kg）\r\n9.5\r\n外机重量（kg）\r\n31\r\n包装清单\r\n室内机*1、室外机*1、遥控器*1、7号电池*2、连接管*1、包扎带*1、密封胶泥*2、排水管*1、墙孔挡板*1、安装板*1、自攻螺钉*5、塑料胀管*5、排水接头（单冷型无）*1、排水接头密封圈（单冷型无）*1、使用安装说明书*1', '美的（Midea）', 999, 12.0, 22),
(15, 'KFR-35GWHFJ+3', '奥克斯（AUX）正1.5匹 冷暖 定速 空调挂机(KFR-35GW/HFJ+3)', 'pics/KFR-35GWHFJ+3.jpg', 2199.00, '主体\r\n品牌\r\n美的 Midea\r\n系列\r\n智弧\r\n型号\r\nKFR-32GW/WDAD3@\r\n颜色\r\n白色\r\n类别\r\n壁挂式\r\n功能\r\n制冷类型\r\n冷暖\r\n匹数\r\n小1.5匹\r\n定频/变频\r\n定频\r\n能效等级\r\n3级\r\n适用面积(平方米)\r\n制冷：14-21；制热：16-21\r\n制冷量(W)\r\n3290\r\n制冷功率(W)\r\n1000\r\n制热量(W)\r\n3700\r\n制热功率(W)\r\n1000\r\n电辅加热功率(W)\r\n1050\r\n内机噪音(dB(A)\r\n24-41\r\n外机噪音(dB(A)\r\n50\r\n定频机能效比\r\n3.29\r\n循环风量(m3/h)\r\n630\r\n扫风方式\r\n上下扫风\r\n产品特色\r\n自动清洁\r\n不支持\r\n静音设计\r\n支持\r\n独立除湿\r\n支持\r\n除甲醛\r\n不支持\r\n规格\r\n制冷剂\r\n氟利昂（R22)\r\n电压/频率（V/HZ）\r\n220/50\r\n内机尺寸（宽x高x深）mm\r\n870*275*205\r\n外机尺寸（宽x高x深）mm\r\n300*728*555\r\n内机重量（kg）\r\n9.5\r\n外机重量（kg）\r\n31\r\n包装清单\r\n室内机*1、室外机*1、遥控器*1、7号电池*2、连接管*1、包扎带*1、密封胶泥*2、排水管*1、墙孔挡板*1、安装板*1、自攻螺钉*5、塑料胀管*5、排水接头（单冷型无）*1、排水接头密封圈（单冷型无）*1、使用安装说明书*1', '美的（Midea）', 999, 12.0, 22),
(16, 'KFR-35GWWDAA3@', '美的（Midea）小1.5匹 智弧 智能 静音 光感 WIFI定速冷暖壁挂式空调挂机 KFR-32GW/WDAD3@', 'pics/KFR-35GWWDAA3@.jpg', 2799.00, '主体\r\n品牌\r\n美的 Midea\r\n系列\r\n智弧\r\n型号\r\nKFR-32GW/WDAD3@\r\n颜色\r\n白色\r\n类别\r\n壁挂式\r\n功能\r\n制冷类型\r\n冷暖\r\n匹数\r\n小1.5匹\r\n定频/变频\r\n定频\r\n能效等级\r\n3级\r\n适用面积(平方米)\r\n制冷：14-21；制热：16-21\r\n制冷量(W)\r\n3290\r\n制冷功率(W)\r\n1000\r\n制热量(W)\r\n3700\r\n制热功率(W)\r\n1000\r\n电辅加热功率(W)\r\n1050\r\n内机噪音(dB(A)\r\n24-41\r\n外机噪音(dB(A)\r\n50\r\n定频机能效比\r\n3.29\r\n循环风量(m3/h)\r\n630\r\n扫风方式\r\n上下扫风\r\n产品特色\r\n自动清洁\r\n不支持\r\n静音设计\r\n支持\r\n独立除湿\r\n支持\r\n除甲醛\r\n不支持\r\n规格\r\n制冷剂\r\n氟利昂（R22)\r\n电压/频率（V/HZ）\r\n220/50\r\n内机尺寸（宽x高x深）mm\r\n870*275*205\r\n外机尺寸（宽x高x深）mm\r\n300*728*555\r\n内机重量（kg）\r\n9.5\r\n外机重量（kg）\r\n31\r\n包装清单\r\n室内机*1、室外机*1、遥控器*1、7号电池*2、连接管*1、包扎带*1、密封胶泥*2、排水管*1、墙孔挡板*1、安装板*1、自攻螺钉*5、塑料胀管*5、排水接头（单冷型无）*1、排水接头密封圈（单冷型无）*1、使用安装说明书*1', '美的（Midea）', 999, 12.0, 22),
(17, 'RFC160MXSAVA(G)', '海尔（Haier）大6匹家用中央空调一级能效一拖四100-140㎡包含安装直流变频WIFI智控 RFC160MXSAVA(G) 6年包修', 'pics/RFC160MXSAVA(G).jpg', 30599.00, '主体\r\n品牌\r\n海尔 haier\r\n系列\r\nMXSAVA(G)系列\r\n型号\r\nRFC160MXSAVA(G)\r\n颜色\r\n白色\r\n类别\r\n多联机\r\n功能\r\n匹数\r\n5P及以上\r\n制冷类型\r\n冷暖\r\n定频/变频\r\n直流变频\r\n能效等级\r\n一级能效\r\n电辅加热\r\n支持\r\n适用面积\r\n100~140\r\n制冷量(W)\r\n16000\r\n制冷功率(W)\r\n4460\r\n制热量(W)\r\n18500\r\n制热功率(W)\r\n4200\r\n电辅加热功率(W)\r\n1000-1800\r\n内机噪音(dB(A)\r\n22-46\r\n外机噪音(dB(A)\r\n55\r\n变频机能效比\r\n6.5\r\n循环风量(m3/h)\r\n6000\r\n送风方式\r\n上下/左右扫风\r\n规格\r\n电压/频率（V/HZ）\r\n220/50\r\n制冷剂\r\n新冷媒（R410a）\r\n内机尺寸（宽x高x深）mm\r\n850/420/185、1170/420/185\r\n外机尺寸（宽x高x深）mm\r\n960/380/1250\r\n内机重量（kg）\r\n17.5~26\r\n外机重量（kg）\r\n105\r\n包装清单\r\n室外机组× 1、说明书× 1、装箱单× 1、减震橡胶垫×4、走线护套× 1、合格证× 1、保修说明× 1、排水弯头× 1、Wifi 智能模块及说明书× 1', '海尔（Haier）', 999, 110.0, 24),
(18, 'KFR-72T2WBP2DN1-TR', '美的（Midea）3匹变频风管机 适用40-48㎡ 家用/商用中央空调 6年包修 KFR-72T2W/BP2DN1-TR', 'pics/KFR-72T2WBP2DN1-TR.jpg', 7480.00, '主体\r\n品牌\r\n海尔 haier\r\n系列\r\nMXSAVA(G)系列\r\n型号\r\nRFC160MXSAVA(G)\r\n颜色\r\n白色\r\n类别\r\n多联机\r\n功能\r\n匹数\r\n5P及以上\r\n制冷类型\r\n冷暖\r\n定频/变频\r\n直流变频\r\n能效等级\r\n一级能效\r\n电辅加热\r\n支持\r\n适用面积\r\n100~140\r\n制冷量(W)\r\n16000\r\n制冷功率(W)\r\n4460\r\n制热量(W)\r\n18500\r\n制热功率(W)\r\n4200\r\n电辅加热功率(W)\r\n1000-1800\r\n内机噪音(dB(A)\r\n22-46\r\n外机噪音(dB(A)\r\n55\r\n变频机能效比\r\n6.5\r\n循环风量(m3/h)\r\n6000\r\n送风方式\r\n上下/左右扫风\r\n规格\r\n电压/频率（V/HZ）\r\n220/50\r\n制冷剂\r\n新冷媒（R410a）\r\n内机尺寸（宽x高x深）mm\r\n850/420/185、1170/420/185\r\n外机尺寸（宽x高x深）mm\r\n960/380/1250\r\n内机重量（kg）\r\n17.5~26\r\n外机重量（kg）\r\n105\r\n包装清单\r\n室外机组× 1、说明书× 1、装箱单× 1、减震橡胶垫×4、走线护套× 1、合格证× 1、保修说明× 1、排水弯头× 1、Wifi 智能模块及说明书× 1', '海尔（Haier）', 999, 110.0, 24),
(19, 'PLSX-200(66)TP', '美的( Midea) 200升空气能热水器 蓝钻 6年包修PLSX-200(66)TP（KF66/200L-MI(E4)）', 'pics/PLSX-200(66)TP.jpg', 6080.00, '主体\r\n品牌\r\n海尔 haier\r\n系列\r\nMXSAVA(G)系列\r\n型号\r\nRFC160MXSAVA(G)\r\n颜色\r\n白色\r\n类别\r\n多联机\r\n功能\r\n匹数\r\n5P及以上\r\n制冷类型\r\n冷暖\r\n定频/变频\r\n直流变频\r\n能效等级\r\n一级能效\r\n电辅加热\r\n支持\r\n适用面积\r\n100~140\r\n制冷量(W)\r\n16000\r\n制冷功率(W)\r\n4460\r\n制热量(W)\r\n18500\r\n制热功率(W)\r\n4200\r\n电辅加热功率(W)\r\n1000-1800\r\n内机噪音(dB(A)\r\n22-46\r\n外机噪音(dB(A)\r\n55\r\n变频机能效比\r\n6.5\r\n循环风量(m3/h)\r\n6000\r\n送风方式\r\n上下/左右扫风\r\n规格\r\n电压/频率（V/HZ）\r\n220/50\r\n制冷剂\r\n新冷媒（R410a）\r\n内机尺寸（宽x高x深）mm\r\n850/420/185、1170/420/185\r\n外机尺寸（宽x高x深）mm\r\n960/380/1250\r\n内机重量（kg）\r\n17.5~26\r\n外机重量（kg）\r\n105\r\n包装清单\r\n室外机组× 1、说明书× 1、装箱单× 1、减震橡胶垫×4、走线护套× 1、合格证× 1、保修说明× 1、排水弯头× 1、Wifi 智能模块及说明书× 1', '海尔（Haier）', 999, 110.0, 24),
(20, 'L55M5-AB', '小米（MI）小米电视4 L55M5-AB 55英寸 2GB+8GB 4.9mm超薄 4K超高清智能液晶平板电视机（黑色）', 'pics/L55M5-AB.jpg', 4498.00, '主体参数\r\n产品品牌\r\nTCL\r\n产品型号\r\n55A950C\r\n产品颜色\r\n枪色\r\n产品类型\r\n4K超清电视\r\n最佳观看距离(米)\r\n3m-3.5m\r\n上市日期\r\n2017年4月\r\n能效等级\r\n三级能效\r\n显示参数\r\n屏幕尺寸\r\n55英寸\r\n屏幕分辨率\r\n超高清4K（3840x2160）\r\nHDR显示\r\n支持\r\n屏幕比例\r\n16:9\r\n屏幕类别\r\n软屏\r\n背光源\r\nLED\r\n背光方式\r\n直下式\r\n3D显示\r\n不支持\r\n刷屏率\r\n60HZ\r\n扫描方式\r\n逐行扫描\r\n响应时间\r\n6.5ms\r\n支持格式（高清）\r\n2160p\r\n水平视角（度）\r\n±178°\r\n垂直视角（度）\r\n±178°\r\n核心参数\r\n智能电视\r\n是\r\n操作系统\r\nAndriod\r\nCPU\r\nCortex-A53 1.6GHz 四核（64 位）\r\nGPU\r\nMali-T720 600MHz 四核\r\n内部存储空间\r\n8GB\r\n音频参数\r\n扬声器数量\r\n2个\r\n输出功率\r\n16W（8W*2）\r\n耳机端口\r\n不支持\r\n外观设计\r\n边框材质\r\n铝\r\n曲面\r\n是\r\n机身厚薄\r\n10.7mm（最薄处）\r\n底座配置\r\n内置底座\r\n安装孔距\r\n200mm×200mm\r\n端口参数\r\nUSB2.0接口\r\n2\r\nHDMI2.0接口\r\n3\r\n模拟RF接口\r\n支持\r\nUSB支持格式\r\nUSB支持视频格式\r\nVC1/H.264/H.265/MPEG4/WMV/AVS+/HDR10\r\nUSB支持音频格式\r\nWMA/AC3/EAC3/AAC/ DTS/Dolby Digital Plus\r\nUSB支持图片格式\r\nJPEG/BMP/PNG\r\n功耗参数\r\n电源功率（w）\r\n120W\r\n待机功率（w）\r\n<0.5W\r\n工作电压（v）\r\n220v\r\n规格参数\r\n含底座尺寸（宽*高*厚）mm\r\n1231*779*239\r\n单屏尺寸（宽*高*厚）mm\r\n1231*745*111\r\n外包装尺寸（宽*高*厚）mm\r\n1400*875* 210\r\n含底座重量（kg）\r\n14.2\r\n单屏重量（kg）\r\n14\r\n含外包装重量（kg）\r\n19\r\n网络参数\r\n网络连接\r\n支持\r\n连接方式\r\n无线/网线\r\n内容服务\r\n应用商店\r\n支持\r\n交互设备\r\n触摸遥控\r\n不支持\r\n空鼠遥控\r\n不支持\r\n体感遥控\r\n不支持\r\n语音控制\r\n支持\r\n语音输入\r\n支持\r\n手势控制\r\n不支持\r\n3D眼镜\r\n无\r\n游戏手柄\r\n不支持\r\n无线键鼠\r\n选配\r\n互联互通\r\n多屏互动\r\n支持\r\nWIFI\r\n支持\r\nWIDI\r\n不支持\r\n蓝牙\r\n支持\r\n包装清单\r\n电视机×1 、 底座×1、遥控器×1 、 说明书×1 、电源线×1', '小米（MI）', 9999, 18.0, 15),
(21, 'D55A630U', 'TCL D55A630U 55英寸超薄金属机身 30核HDR 4K超清智能电视机（黑色）', 'pics/D55A630U.jpg', 2999.00, '主体参数\r\n产品品牌\r\nTCL\r\n产品型号\r\n55A950C\r\n产品颜色\r\n枪色\r\n产品类型\r\n4K超清电视\r\n最佳观看距离(米)\r\n3m-3.5m\r\n上市日期\r\n2017年4月\r\n能效等级\r\n三级能效\r\n显示参数\r\n屏幕尺寸\r\n55英寸\r\n屏幕分辨率\r\n超高清4K（3840x2160）\r\nHDR显示\r\n支持\r\n屏幕比例\r\n16:9\r\n屏幕类别\r\n软屏\r\n背光源\r\nLED\r\n背光方式\r\n直下式\r\n3D显示\r\n不支持\r\n刷屏率\r\n60HZ\r\n扫描方式\r\n逐行扫描\r\n响应时间\r\n6.5ms\r\n支持格式（高清）\r\n2160p\r\n水平视角（度）\r\n±178°\r\n垂直视角（度）\r\n±178°\r\n核心参数\r\n智能电视\r\n是\r\n操作系统\r\nAndriod\r\nCPU\r\nCortex-A53 1.6GHz 四核（64 位）\r\nGPU\r\nMali-T720 600MHz 四核\r\n内部存储空间\r\n8GB\r\n音频参数\r\n扬声器数量\r\n2个\r\n输出功率\r\n16W（8W*2）\r\n耳机端口\r\n不支持\r\n外观设计\r\n边框材质\r\n铝\r\n曲面\r\n是\r\n机身厚薄\r\n10.7mm（最薄处）\r\n底座配置\r\n内置底座\r\n安装孔距\r\n200mm×200mm\r\n端口参数\r\nUSB2.0接口\r\n2\r\nHDMI2.0接口\r\n3\r\n模拟RF接口\r\n支持\r\nUSB支持格式\r\nUSB支持视频格式\r\nVC1/H.264/H.265/MPEG4/WMV/AVS+/HDR10\r\nUSB支持音频格式\r\nWMA/AC3/EAC3/AAC/ DTS/Dolby Digital Plus\r\nUSB支持图片格式\r\nJPEG/BMP/PNG\r\n功耗参数\r\n电源功率（w）\r\n120W\r\n待机功率（w）\r\n<0.5W\r\n工作电压（v）\r\n220v\r\n规格参数\r\n含底座尺寸（宽*高*厚）mm\r\n1231*779*239\r\n单屏尺寸（宽*高*厚）mm\r\n1231*745*111\r\n外包装尺寸（宽*高*厚）mm\r\n1400*875* 210\r\n含底座重量（kg）\r\n14.2\r\n单屏重量（kg）\r\n14\r\n含外包装重量（kg）\r\n19\r\n网络参数\r\n网络连接\r\n支持\r\n连接方式\r\n无线/网线\r\n内容服务\r\n应用商店\r\n支持\r\n交互设备\r\n触摸遥控\r\n不支持\r\n空鼠遥控\r\n不支持\r\n体感遥控\r\n不支持\r\n语音控制\r\n支持\r\n语音输入\r\n支持\r\n手势控制\r\n不支持\r\n3D眼镜\r\n无\r\n游戏手柄\r\n不支持\r\n无线键鼠\r\n选配\r\n互联互通\r\n多屏互动\r\n支持\r\nWIFI\r\n支持\r\nWIDI\r\n不支持\r\n蓝牙\r\n支持\r\n包装清单\r\n电视机×1 、 底座×1、遥控器×1 、 说明书×1 、电源线×1', '小米（MI）', 9999, 18.0, 15);

CREATE TABLE IF NOT EXISTS `goodstype` (
  `typeId` int(11) NOT NULL AUTO_INCREMENT,
  `typeName` varchar(50) NOT NULL,
  `parentId` int(11) NOT NULL DEFAULT '0',
  PRIMARY KEY (`typeId`)
) ENGINE=InnoDB  DEFAULT CHARSET=utf8 AUTO_INCREMENT=370 ;

INSERT INTO `goodstype` (`typeId`, `typeName`, `parentId`) VALUES
(1, '家用电器', 0),
(2, '手机 / 运营商 / 数码', 0),
(3, '电脑 / 办公', 0),
(4, '电视', 1),
(5, '空调', 1),
(6, '洗衣机', 1),
(7, '冰箱', 1),
(8, '生活电器', 1),
(9, '手机通讯', 2),
(10, '手机配件', 2),
(11, '运营商', 2),
(12, '摄影摄像', 2),
(13, '数码配件', 2),
(14, '曲面电视\r', 4),
(15, '超薄电视\r', 4),
(16, 'HDR电视\r', 4),
(17, 'OLED电视\r', 4),
(18, '4K超清电视\r', 4),
(19, '55英寸\r', 4),
(20, '65英寸\r', 4),
(21, '电视配件', 4),
(22, '壁挂式空调\r', 5),
(23, '柜式空调\r', 5),
(24, '中央空调\r', 5),
(25, '以旧换新\r', 5),
(26, '0元安装\r', 5),
(27, '空调配件', 5),
(28, '厨卫大电', 1),
(29, '厨房小电', 1),
(34, '滚筒洗衣机', 6),
(35, '洗烘一体机', 6),
(36, '波轮洗衣机', 6),
(37, '迷你洗衣机', 6),
(38, '烘干机', 6),
(39, '洗衣机配件', 6),
(40, '多门', 7),
(41, '对开门', 7),
(42, '三门', 7),
(43, '双门', 7),
(44, '冷柜/冰吧', 7),
(45, '酒柜', 7),
(46, '冰箱配件', 7),
(47, '油烟机', 28),
(48, '燃气灶', 28),
(49, '烟灶套装', 28),
(50, '消毒柜', 28),
(51, '洗碗机', 28),
(52, '电热水器', 28),
(53, '燃气热水器', 28),
(54, '嵌入式厨电', 28),
(55, '商用厨房电器', 28),
(56, '电饭煲', 29),
(57, '微波炉', 29),
(58, '电烤箱', 29),
(59, '电磁炉', 29),
(60, '电陶炉', 29),
(61, '电压力锅', 29),
(62, '空气炸锅', 29),
(63, '豆浆机', 29),
(64, '咖啡机', 29),
(65, '面包机', 29),
(66, '榨汁机/原汁机', 29),
(67, '料理机', 29),
(68, '电饼铛', 29),
(69, '养生壶/煎药壶', 29),
(70, '酸奶机', 29),
(71, '煮蛋器', 29),
(72, '面条机', 29),
(73, '电水壶/热水瓶', 29),
(74, '电炖锅', 29),
(75, '多用途锅', 29),
(76, '电烧烤炉', 29),
(77, '电热饭盒', 29),
(78, '其它厨房电器', 29),
(79, '取暖电器', 8),
(80, '冷风扇', 8),
(81, '吸尘器/除螨仪', 8),
(82, '净化器', 8),
(83, '扫地机器人', 8),
(84, '加湿器', 8),
(85, '挂烫机/熨斗', 8),
(86, '电风扇', 8),
(87, '插座', 8),
(88, '电话机', 8),
(89, '饮水机', 8),
(90, '净水器', 8),
(91, '除湿机', 8),
(92, '干衣机', 8),
(93, '清洁机', 8),
(94, '收录/音机', 8),
(95, '毛球修剪器', 8),
(96, '其它生活电器', 8),
(97, '生活电器配件', 8),
(98, '手机', 9),
(99, '对讲机', 9),
(100, '以旧换新', 9),
(101, '手机维修', 9),
(102, '手机壳', 10),
(103, '贴膜', 10),
(104, '手机存储卡', 10),
(105, '数据线', 10),
(106, '充电器', 10),
(107, '手机耳机', 10),
(108, '创意配件', 10),
(109, '手机饰品', 10),
(110, '手机电池', 10),
(111, '苹果周边', 10),
(112, '移动电源', 10),
(113, '蓝牙耳机', 10),
(114, '手机支架', 10),
(115, '车载配件', 10),
(116, '拍照配件', 10),
(117, '合约机', 11),
(118, '选号码', 11),
(119, '固话宽带', 11),
(120, '办套餐', 11),
(121, '充话费/流量', 11),
(122, '中国电信', 11),
(123, '中国移动', 11),
(124, '中国联通', 11),
(125, '京东通信', 11),
(126, '170选号', 11),
(127, '数码相机', 12),
(128, '单电/微单相机', 12),
(129, '单反相机', 12),
(130, '拍立得', 12),
(131, '运动相机', 12),
(132, '摄像机', 12),
(133, '镜头', 12),
(134, '户外器材', 12),
(135, '影棚器材', 12),
(136, '冲印服务', 12),
(137, '数码相框', 12),
(138, '存储卡', 13),
(139, '三脚架/云台', 13),
(140, '相机包', 13),
(141, '滤镜', 13),
(142, '闪光灯/手柄', 13),
(143, '相机清洁/贴膜', 13),
(144, '机身附件镜头附件', 13),
(145, '读卡器', 13),
(146, '支架', 13),
(147, '电池/充电器', 13),
(148, '家居 / 家具 / 家装 / 厨具', 0),
(149, '男装 / 女装 / 童装 / 内衣', 0),
(150, '美妆个护 / 宠物', 0),
(151, '女鞋 / 箱包 / 钟表 / 珠宝', 0),
(152, '男鞋 / 运动 / 户外', 0),
(153, '汽车 / 汽车用品', 0),
(154, '母婴 / 玩具乐器', 0),
(155, '食品 / 酒类 / 生鲜 / 特产', 0),
(156, '礼品鲜花 / 农资绿植', 0),
(157, '医药保健 / 计生情趣', 0),
(158, '图书 / 音像 / 电子书', 0),
(159, '机票 / 酒店 / 旅游 / 生活', 0),
(160, '理财 / 众筹 / 白条 / 保险', 0),
(161, '电脑整机', 3),
(162, '电脑配件', 3),
(163, '外设产品', 3),
(164, '游戏设备', 3),
(165, '网络产品', 3),
(166, '办公设备', 3),
(167, '文具耗材', 3),
(168, '服务产品', 3),
(169, '笔记本', 161),
(170, '游戏本', 161),
(171, '平板电脑', 161),
(172, '平板电脑配件', 161),
(173, '台式机', 161),
(174, '一体机', 161),
(175, '服务器/工作站', 161),
(176, '笔记本配件', 161),
(177, '显示器', 162),
(178, 'CPU', 162),
(179, '主板', 162),
(180, '显卡', 162),
(181, '硬盘', 162),
(182, '内存', 162),
(183, '机箱', 162),
(184, '电源', 162),
(185, '散热器', 162),
(186, '刻录机/光驱', 162),
(187, '声卡/扩展卡', 162),
(188, '装机配件', 162),
(189, 'SSD固态硬盘', 162),
(190, '组装电脑', 162),
(191, '鼠标', 163),
(192, '键盘', 163),
(193, '键鼠套装', 163),
(194, '网络仪表仪器', 163),
(195, 'U盘', 163),
(196, '移动硬盘', 163),
(197, '鼠标垫', 163),
(198, '摄像头', 163),
(199, '线缆', 163),
(200, '手写板', 163),
(201, '硬盘盒', 163),
(202, '电脑工具', 163),
(203, '电脑清洁', 163),
(204, 'UPS电源', 163),
(205, '插座', 163),
(206, '游戏机', 164),
(207, '游戏耳机', 164),
(208, '手柄/方向盘', 164),
(209, '游戏软件', 164),
(210, '游戏周边', 164),
(211, '路由器', 165),
(212, '网络机顶盒', 165),
(213, '交换机', 165),
(214, '网络存储网卡', 165),
(215, '4G/3G上网', 165),
(216, '网络配件', 165),
(217, '女装', 149),
(218, '男装', 149),
(219, '内衣', 149),
(220, '配饰', 149),
(221, '童装', 149),
(222, '童鞋', 149),
(223, '2017新品', 217),
(224, '商场同款', 217),
(225, '连衣裙', 217),
(226, '羽绒服', 217),
(227, '毛呢大衣', 217),
(228, '针织衫', 217),
(229, '棉服', 217),
(230, '卫衣', 217),
(231, '短外套', 217),
(232, '皮草', 217),
(233, '风衣', 217),
(234, '羊绒衫', 217),
(235, '牛仔裤', 217),
(236, '休闲裤', 217),
(237, '打底裤', 217),
(238, '中老年女装', 217),
(239, '大码女装', 217),
(240, '打底衫', 217),
(241, '潮搭男装', 218),
(242, '商场同款', 218),
(243, '当季热卖', 218),
(244, '2017新品', 218),
(245, 'T恤', 218),
(246, '牛仔裤', 218),
(247, '休闲裤', 218),
(248, '衬衫短裤', 218),
(249, 'POLO衫', 218),
(250, '羽绒服', 218),
(251, '时尚女鞋', 151),
(252, '潮流女包', 151),
(253, '精品男包', 151),
(254, '功能箱包', 151),
(255, '奢侈品', 151),
(256, '精选大牌', 151),
(257, '钟表', 151),
(258, '珠宝首饰', 151),
(259, '金银投资', 151),
(260, '2017新品', 251),
(261, '单鞋', 251),
(262, '休闲鞋', 251),
(263, '帆布鞋', 251),
(264, '妈妈鞋', 251),
(265, '布鞋/绣花鞋', 251),
(266, '女靴', 251),
(267, '踝靴', 251),
(268, '马丁靴', 251),
(269, '雪地靴', 251),
(270, '雨鞋/雨靴', 251),
(271, '高跟鞋', 251),
(272, '凉鞋', 251),
(273, '拖鞋/人字拖', 251),
(274, '鱼嘴鞋', 251),
(275, '内增高', 251),
(276, '坡跟鞋', 251),
(277, '防水台', 251),
(278, '松糕鞋', 251),
(279, '鞋配件', 251),
(280, '真皮包', 252),
(281, '单肩包', 252),
(282, '手提包', 252),
(283, '斜挎包', 252),
(284, '双肩包', 252),
(285, '钱包', 252),
(286, '手拿包', 252),
(287, '卡包/零钱包', 252),
(288, '钥匙包', 252),
(289, '流行男鞋', 152),
(290, '运动鞋包', 152),
(291, '运动服饰', 152),
(292, '健身训练', 152),
(293, '骑行运动', 152),
(294, '体育用品', 152),
(295, '户外鞋服', 152),
(296, '户外装备', 152),
(297, '垂钓用品', 152),
(298, '游泳用品', 152),
(299, '2017新品', 289),
(300, '休闲鞋', 289),
(301, '商务休闲鞋', 289),
(302, '正装鞋', 289),
(303, '帆布鞋', 289),
(304, '豆豆鞋', 289),
(305, '凉鞋', 289),
(306, '拖鞋功能鞋', 289),
(307, '增高鞋', 289),
(308, '工装鞋', 289),
(309, '雨鞋', 289),
(310, '传统布鞋', 289),
(311, '男靴', 289),
(312, '鞋配件', 289),
(313, '跑步鞋', 290),
(314, '休闲鞋', 290),
(315, '篮球鞋', 290),
(316, '帆布鞋', 290),
(317, '板鞋', 290),
(318, '拖鞋', 290),
(319, '运动包', 290),
(320, '足球鞋', 290),
(321, '乒羽网鞋', 290),
(322, '训练鞋', 290),
(323, '新鲜水果', 155),
(324, '蔬菜蛋品', 155),
(325, '精选肉类', 155),
(326, '海鲜水产', 155),
(327, '冷饮冻食', 155),
(328, '中外名酒', 155),
(329, '进口食品', 155),
(330, '休闲食品', 155),
(331, '地方特产', 155),
(332, '茗茶', 155),
(333, '饮料冲调', 155),
(334, '粮油调味', 155),
(335, '苹果', 323),
(336, '香蕉', 323),
(337, '梨', 323),
(338, '橙子', 323),
(339, '奇异果/猕猴桃', 323),
(340, '火龙果', 323),
(341, '榴莲', 323),
(342, '柚子', 323),
(343, '百香果', 323),
(344, '石榴', 323),
(345, '国产水果', 323),
(346, '进口水果', 323),
(347, '蛋品', 324),
(348, '叶菜类', 324),
(349, '根茎类', 324),
(350, '葱姜蒜椒', 324),
(351, '鲜菌菇', 324),
(352, '茄果瓜类', 324),
(353, '半加工蔬菜', 324),
(354, '半加工豆制品', 324),
(355, '玉米', 324),
(356, '山药', 324),
(357, '地瓜/红薯', 324),
(358, '猪肉', 325),
(359, '牛肉', 325),
(360, '羊肉', 325),
(361, '鸡肉', 325),
(362, '鸭肉', 325),
(363, '冷鲜肉', 325),
(364, '特色肉类', 325),
(365, '内脏类', 325),
(366, '冷藏熟食', 325),
(367, '牛排', 325),
(368, '牛腩', 325),
(369, '鸡翅', 325);

CREATE TABLE IF NOT EXISTS `order` (
  `orderId` int(11) NOT NULL AUTO_INCREMENT,
  `userId` int(11) NOT NULL,
  `orderDate` varchar(50) NOT NULL,
  `orderStatus` enum('等待发货','已发货','交易成功') NOT NULL DEFAULT '等待发货',
  `diId` int(11) NOT NULL,
  PRIMARY KEY (`orderId`),
  KEY `userId` (`userId`,`diId`),
  KEY `diId` (`diId`)
) ENGINE=InnoDB  DEFAULT CHARSET=utf8 AUTO_INCREMENT=6 ;

INSERT INTO `order` (`orderId`, `userId`, `orderDate`, `orderStatus`, `diId`) VALUES
(1, 1, '2017-11-11 00:02:24', '等待发货', 14),
(2, 1, '2017-12-15 15:48:58', '等待发货', 25),
(3, 2, '2017-12-15 17:23:37', '等待发货', 17),
(4, 2, '2017-12-15 22:02:52', '等待发货', 27),
(5, 2, '2017-12-15 22:04:30', '等待发货', 28);

CREATE TABLE IF NOT EXISTS `orderitem` (
  `itemId` int(11) NOT NULL AUTO_INCREMENT,
  `orderId` int(11) NOT NULL,
  `goodsId` int(11) NOT NULL,
  `quantity` int(11) NOT NULL DEFAULT '1',
  PRIMARY KEY (`itemId`),
  KEY `orderId` (`orderId`,`goodsId`),
  KEY `goodsId` (`goodsId`)
) ENGINE=InnoDB  DEFAULT CHARSET=utf8 AUTO_INCREMENT=11 ;

INSERT INTO `orderitem` (`itemId`, `orderId`, `goodsId`, `quantity`) VALUES
(1, 1, 1, 1),
(2, 1, 12, 2),
(3, 2, 21, 1),
(4, 2, 20, 6),
(5, 3, 16, 1),
(6, 3, 12, 3),
(7, 4, 17, 2),
(8, 4, 11, 4),
(9, 5, 19, 1),
(10, 5, 8, 2);

CREATE TABLE IF NOT EXISTS `user` (
  `userId` int(11) NOT NULL AUTO_INCREMENT,
  `userName` varchar(20) NOT NULL,
  `userPwd` varchar(20) NOT NULL,
  `userTel` varchar(20) NOT NULL,
  `userSex` enum('男','女') DEFAULT '男',
  `birthdate` varchar(50) DEFAULT NULL,
  `email` varchar(50) DEFAULT NULL,
  PRIMARY KEY (`userId`),
  UNIQUE KEY `userName` (`userName`,`userTel`)
) ENGINE=InnoDB  DEFAULT CHARSET=utf8 AUTO_INCREMENT=7 ;

INSERT INTO `user` (`userId`, `userName`, `userPwd`, `userTel`, `userSex`, `birthdate`, `email`) VALUES
(1, 'zhangsan', '123', '13333333333', '男', '1992-08-17', '133@qq.com'),
(2, 'lisi', '123', '13344444444', '男', '1995-02-19', '134@qq.com'),
(3, 'wangwu', '123', '13355555555', '男', '1998-10-01', '135@qq.com'),
(4, 'chenliu', '123', '13366666666', '男', '1995-12-21', '136@qq.com'),
(5, 'zhenqi', '123', '13377777777', '男', '1993-01-21', '137@qq.com'),
(6, 'liuba', '123', '13388888888', '男', '1994-03-16', '138@qq.com');


ALTER TABLE `deliveryinfo`
  ADD CONSTRAINT `deliveryinfo_ibfk_1` FOREIGN KEY (`userId`) REFERENCES `user` (`userId`);

ALTER TABLE `goods`
  ADD CONSTRAINT `goods_ibfk_1` FOREIGN KEY (`typeId`) REFERENCES `goodstype` (`typeId`);

ALTER TABLE `order`
  ADD CONSTRAINT `order_ibfk_1` FOREIGN KEY (`userId`) REFERENCES `user` (`userId`),
  ADD CONSTRAINT `order_ibfk_2` FOREIGN KEY (`diId`) REFERENCES `deliveryinfo` (`diId`);

ALTER TABLE `orderitem`
  ADD CONSTRAINT `orderitem_ibfk_1` FOREIGN KEY (`orderId`) REFERENCES `order` (`orderId`),
  ADD CONSTRAINT `orderitem_ibfk_2` FOREIGN KEY (`goodsId`) REFERENCES `goods` (`goodsId`);

/*!40101 SET CHARACTER_SET_CLIENT=@OLD_CHARACTER_SET_CLIENT */;
/*!40101 SET CHARACTER_SET_RESULTS=@OLD_CHARACTER_SET_RESULTS */;
/*!40101 SET COLLATION_CONNECTION=@OLD_COLLATION_CONNECTION */;
